Book_ID,Title,Author_Name,Author_Birthdate,ISBN,User_ID,User_Name,User_Address,Loan_Date,Return_Date
3115,Particularly charge nearly.,Anita Walker,11/1/1962,978-1-4223-8315-5,8425,Tracey Kelly,"PSC 6481, Box 1952, APO AA 89825",4/9/2024,8/21/2024
3270,Goal ability him.,Joseph Alvarez,1/5/1965,978-1-235-83555-1,9366,Brittany Kim DVM,"80826 Miller Plaza, Shariton, PR 87489",2/14/2024,8/5/2024
3862,Board.,Kimberly Brown,8/3/1970,978-0-483-52991-5,4425,Daniel Harrison DDS,"95457 Christopher Manor Suite 485, Port Samantha, MT 79549",5/1/2024,7/31/2024
5157,Remain begin.,Christian Mason,1/18/1954,978-1-924983-22-8,8425,Tracey Kelly,"PSC 6481, Box 1952, APO AA 89825",2/3/2024,7/17/2024
6607,Catch form kitchen.,Calvin Clark,2/5/1984,978-0-01-444353-6,6304,Erica Davidson,"51540 Barbara Brook, Andrewmouth, DC 89545",4/15/2024,8/31/2024
5011,Dinner ahead but.,Michael Morrison,10/25/1988,978-1-298-44863-7,8425,Tracey Kelly,"PSC 6481, Box 1952, APO AA 89825",8/23/2024,9/8/2024
3334,Bad.,Paula Tucker,9/14/1981,978-0-408-81057-9,3554,Sally Leon,"5515 Logan Harbor, Julieland, FM 85402",4/24/2024,7/11/2024
6645,Dream explain.,Connie Kramer,8/14/1971,978-1-02-607484-8,1865,Benjamin Caldwell,"9932 Allison Pines, East Michelle, PW 44534",9/14/2024,9/21/2024
7053,Tend step.,Heather Mclean,12/31/1955,978-0-8483-8373-2,9830,Crystal Santos,"6780 Sierra Union, South Jenniferton, CA 08418",4/7/2024,8/11/2024
9075,Hand make.,Sheri Lewis,7/9/1942,978-1-184-31230-1,2617,Robert Martinez,"311 Larry Cliff, North Jeffstad, KS 03432",3/21/2024,4/1/2024
5623,Particularly.,Stacey Blevins,8/2/1942,978-1-168-24894-7,9830,Crystal Santos,"6780 Sierra Union, South Jenniferton, CA 08418",1/19/2024,2/29/2024
7614,Take in thus.,Sydney Taylor,2/8/1978,978-1-06-770480-3,1865,Benjamin Caldwell,"9932 Allison Pines, East Michelle, PW 44534",1/4/2024,3/7/2024
2331,Outside modern use.,Anita Butler,9/15/1965,978-0-15-754791-7,4395,Kyle Stanley,"9164 Nicholas Inlet Apt. 554, Brightshire, MT 61686",1/15/2024,6/17/2024
5731,Before ever.,Donna English,4/26/1977,978-1-78984-967-7,8425,Tracey Kelly,"PSC 6481, Box 1952, APO AA 89825",6/20/2024,7/31/2024
5011,Dinner ahead but.,Michael Morrison,10/25/1988,978-1-298-44863-7,3773,Jill Fry,"87619 Matthew Garden, Abigailfurt, TX 28957",9/4/2024,9/17/2024
5011,Dinner ahead but.,Michael Morrison,10/25/1988,978-1-298-44863-7,2617,Robert Martinez,"311 Larry Cliff, North Jeffstad, KS 03432",7/7/2024,8/11/2024
4812,Perform.,Julie Barry,5/3/1980,978-1-9801-1623-3,8125,Ronald Ramos,"13580 Holly Corner Suite 739, New Paul, FL 69782",9/16/2024,9/16/2024
7852,Enjoy by.,Samantha Allen,8/1/1976,978-1-5255-1844-7,4289,Michael Downs,"USNV Guerrero, FPO AE 08325",6/29/2024,7/11/2024
3570,Foot dog entire.,Paul Martinez,2/24/1960,978-0-258-03453-8,4854,Angela Baker,"89681 Cody Ridges, East Angela, WV 20093",4/15/2024,9/18/2024
7614,Take in thus.,Sydney Taylor,2/8/1978,978-1-06-770480-3,9404,Anthony Gomez,"81866 Ross Islands, New Rhondaland, GA 44652",3/28/2024,9/3/2024
6746,They religious.,Brian Brown,3/13/1959,978-1-5110-0451-0,7697,Robert Barber,"121 Paul Lane Apt. 891, North Andrewberg, NC 06281",7/11/2024,8/16/2024
3570,Foot dog entire.,Paul Martinez,2/24/1960,978-0-258-03453-8,6304,Erica Davidson,"51540 Barbara Brook, Andrewmouth, DC 89545",7/21/2024,8/4/2024
8656,House son summer.,Jesse Smith,8/18/1943,978-1-4523-0402-1,585,Jesse Schmidt,"755 Lisa Greens, Williamport, SD 12754",6/29/2024,8/16/2024
3042,Time movement.,Michael Elliott,7/11/1968,978-0-250-01681-5,8125,Ronald Ramos,"13580 Holly Corner Suite 739, New Paul, FL 69782",4/25/2024,6/9/2024
6354,Mean check Democrat.,Kelly Clark,3/6/1990,978-0-396-67157-2,2471,Linda Alvarez,"12510 Snyder Estates Apt. 237, Lake Robertport, OK 07853",1/21/2024,7/17/2024
9129,Bar day.,Darren Burns,3/23/1946,978-1-272-94173-4,8425,Tracey Kelly,"PSC 6481, Box 1952, APO AA 89825",4/11/2024,5/3/2024
1334,Well exist program.,Robert Smith,6/16/1964,978-0-85345-249-2,4395,Kyle Stanley,"9164 Nicholas Inlet Apt. 554, Brightshire, MT 61686",5/18/2024,7/3/2024
2413,Say interest.,John Clark,9/24/1966,978-1-114-86545-7,585,Jesse Schmidt,"755 Lisa Greens, Williamport, SD 12754",5/19/2024,6/18/2024
3334,Bad.,Paula Tucker,9/14/1981,978-0-408-81057-9,9366,Brittany Kim DVM,"80826 Miller Plaza, Shariton, PR 87489",4/2/2024,4/29/2024
2808,Walk professor people box.,Yvette Daniel,10/3/1937,978-0-9525031-5-6,9404,Anthony Gomez,"81866 Ross Islands, New Rhondaland, GA 44652",1/23/2024,4/8/2024
9287,Despite.,Ashley Moore,11/16/1961,978-0-502-49606-8,4289,Michael Downs,"USNV Guerrero, FPO AE 08325",9/5/2024,9/18/2024
4169,Ability.,Barbara Jackson,3/18/1999,978-1-944374-73-0,2617,Robert Martinez,"311 Larry Cliff, North Jeffstad, KS 03432",5/4/2024,5/4/2024
7715,Type interest Republican.,Lori Johnson,9/27/1997,978-1-71960-800-8,7697,Robert Barber,"121 Paul Lane Apt. 891, North Andrewberg, NC 06281",2/6/2024,3/2/2024
3570,Foot dog entire.,Paul Martinez,2/24/1960,978-0-258-03453-8,8125,Ronald Ramos,"13580 Holly Corner Suite 739, New Paul, FL 69782",9/3/2024,9/22/2024
7053,Tend step.,Heather Mclean,12/31/1955,978-0-8483-8373-2,3773,Jill Fry,"87619 Matthew Garden, Abigailfurt, TX 28957",9/20/2024,9/22/2024
5157,Remain begin.,Christian Mason,1/18/1954,978-1-924983-22-8,6304,Erica Davidson,"51540 Barbara Brook, Andrewmouth, DC 89545",3/9/2024,6/25/2024
6607,Catch form kitchen.,Calvin Clark,2/5/1984,978-0-01-444353-6,6304,Erica Davidson,"51540 Barbara Brook, Andrewmouth, DC 89545",2/17/2024,5/6/2024
5752,Sense someone.,Tracy Shaw,1/29/1940,978-1-03-470209-2,4289,Michael Downs,"USNV Guerrero, FPO AE 08325",4/27/2024,8/7/2024
8656,House son summer.,Jesse Smith,8/18/1943,978-1-4523-0402-1,7697,Robert Barber,"121 Paul Lane Apt. 891, North Andrewberg, NC 06281",7/20/2024,8/9/2024
1288,Table alone million.,Thomas Stevens,11/21/1934,978-1-83845-728-0,7697,Robert Barber,"121 Paul Lane Apt. 891, North Andrewberg, NC 06281",5/28/2024,7/9/2024
8007,Bill share remember.,Jennifer Curtis,9/10/1986,978-0-09-321991-6,2617,Robert Martinez,"311 Larry Cliff, North Jeffstad, KS 03432",1/9/2024,7/19/2024
7614,Take in thus.,Sydney Taylor,2/8/1978,978-1-06-770480-3,9830,Crystal Santos,"6780 Sierra Union, South Jenniferton, CA 08418",8/18/2024,8/18/2024
5011,Dinner ahead but.,Michael Morrison,10/25/1988,978-1-298-44863-7,9366,Brittany Kim DVM,"80826 Miller Plaza, Shariton, PR 87489",1/18/2024,9/1/2024
7715,Type interest Republican.,Lori Johnson,9/27/1997,978-1-71960-800-8,6326,Elizabeth Bennett,"94365 Young Crescent Apt. 502, Richardsonville, AS 23996",4/15/2024,8/31/2024
8589,Yeah participant real.,Bradley Stevenson,12/24/1994,978-0-443-48638-8,9366,Brittany Kim DVM,"80826 Miller Plaza, Shariton, PR 87489",4/13/2024,9/16/2024
5731,Before ever.,Donna English,4/26/1977,978-1-78984-967-7,4854,Angela Baker,"89681 Cody Ridges, East Angela, WV 20093",4/27/2024,7/23/2024
6645,Dream explain.,Connie Kramer,8/14/1971,978-1-02-607484-8,4395,Kyle Stanley,"9164 Nicholas Inlet Apt. 554, Brightshire, MT 61686",6/5/2024,8/23/2024
6528,Hard should create national.,Michael Robinson,4/26/1986,978-1-880365-41-0,585,Jesse Schmidt,"755 Lisa Greens, Williamport, SD 12754",7/3/2024,9/22/2024
3115,Particularly charge nearly.,Anita Walker,11/1/1962,978-1-4223-8315-5,6304,Erica Davidson,"51540 Barbara Brook, Andrewmouth, DC 89545",5/10/2024,7/25/2024
7852,Enjoy by.,Samantha Allen,8/1/1976,978-1-5255-1844-7,2471,Linda Alvarez,"12510 Snyder Estates Apt. 237, Lake Robertport, OK 07853",2/3/2024,3/31/2024
3042,Time movement.,Michael Elliott,7/11/1968,978-0-250-01681-5,2617,Robert Martinez,"311 Larry Cliff, North Jeffstad, KS 03432",1/26/2024,3/4/2024
1334,Well exist program.,Robert Smith,6/16/1964,978-0-85345-249-2,6326,Elizabeth Bennett,"94365 Young Crescent Apt. 502, Richardsonville, AS 23996",3/9/2024,5/31/2024
9008,Skill able kind well.,Robert Miller,3/20/1948,978-1-63103-594-4,2471,Linda Alvarez,"12510 Snyder Estates Apt. 237, Lake Robertport, OK 07853",4/17/2024,8/19/2024
6645,Dream explain.,Connie Kramer,8/14/1971,978-1-02-607484-8,4395,Kyle Stanley,"9164 Nicholas Inlet Apt. 554, Brightshire, MT 61686",1/4/2024,5/22/2024
8656,House son summer.,Jesse Smith,8/18/1943,978-1-4523-0402-1,2471,Linda Alvarez,"12510 Snyder Estates Apt. 237, Lake Robertport, OK 07853",9/3/2024,9/14/2024
3862,Board.,Kimberly Brown,8/3/1970,978-0-483-52991-5,4425,Daniel Harrison DDS,"95457 Christopher Manor Suite 485, Port Samantha, MT 79549",1/19/2024,6/13/2024
5157,Remain begin.,Christian Mason,1/18/1954,978-1-924983-22-8,8428,Sara Rogers,"PSC 7341, Box 0118, APO AP 39516",7/13/2024,8/8/2024
3334,Bad.,Paula Tucker,9/14/1981,978-0-408-81057-9,8428,Sara Rogers,"PSC 7341, Box 0118, APO AP 39516",3/25/2024,9/16/2024
8363,Study account record.,Patricia Sanchez,1/11/1982,978-0-262-45228-1,8425,Tracey Kelly,"PSC 6481, Box 1952, APO AA 89825",5/14/2024,9/13/2024
8007,Bill share remember.,Jennifer Curtis,9/10/1986,978-0-09-321991-6,8125,Ronald Ramos,"13580 Holly Corner Suite 739, New Paul, FL 69782",3/18/2024,4/23/2024
5623,Particularly.,Stacey Blevins,8/2/1942,978-1-168-24894-7,4854,Angela Baker,"89681 Cody Ridges, East Angela, WV 20093",4/18/2024,4/22/2024
6746,They religious.,Brian Brown,3/13/1959,978-1-5110-0451-0,4854,Angela Baker,"89681 Cody Ridges, East Angela, WV 20093",2/8/2024,4/15/2024
2183,Cold.,Steven Jackson,11/19/1935,978-1-84047-420-6,3773,Jill Fry,"87619 Matthew Garden, Abigailfurt, TX 28957",2/11/2024,2/11/2024
5864,Send.,Robert Gray,4/30/1942,978-1-72214-130-1,2471,Linda Alvarez,"12510 Snyder Estates Apt. 237, Lake Robertport, OK 07853",6/27/2024,9/15/2024
4812,Perform.,Julie Barry,5/3/1980,978-1-9801-1623-3,4854,Angela Baker,"89681 Cody Ridges, East Angela, WV 20093",7/3/2024,9/11/2024
6607,Catch form kitchen.,Calvin Clark,2/5/1984,978-0-01-444353-6,4854,Angela Baker,"89681 Cody Ridges, East Angela, WV 20093",3/11/2024,7/18/2024
3431,Someone form force.,Shannon Mitchell,5/16/1979,978-0-7700-2762-9,9830,Crystal Santos,"6780 Sierra Union, South Jenniferton, CA 08418",7/7/2024,8/26/2024
2183,Cold.,Steven Jackson,11/19/1935,978-1-84047-420-6,8428,Sara Rogers,"PSC 7341, Box 0118, APO AP 39516",5/1/2024,7/22/2024
7852,Enjoy by.,Samantha Allen,8/1/1976,978-1-5255-1844-7,6326,Elizabeth Bennett,"94365 Young Crescent Apt. 502, Richardsonville, AS 23996",6/18/2024,7/31/2024
1266,Political staff evidence.,Levi Wilson,7/9/1956,978-0-354-98173-6,7697,Robert Barber,"121 Paul Lane Apt. 891, North Andrewberg, NC 06281",4/28/2024,7/12/2024
5330,Clear.,Isaiah Schwartz,5/12/1966,978-1-56785-254-7,4395,Kyle Stanley,"9164 Nicholas Inlet Apt. 554, Brightshire, MT 61686",2/13/2024,2/18/2024
3270,Goal ability him.,Joseph Alvarez,1/5/1965,978-1-235-83555-1,8125,Ronald Ramos,"13580 Holly Corner Suite 739, New Paul, FL 69782",8/10/2024,9/8/2024
9153,Land down security military.,Joseph Joseph,1/21/1954,978-0-8032-1386-9,1865,Benjamin Caldwell,"9932 Allison Pines, East Michelle, PW 44534",8/27/2024,8/28/2024
2685,Company in body.,Michael Walker,2/7/1966,978-1-183-14266-4,9404,Anthony Gomez,"81866 Ross Islands, New Rhondaland, GA 44652",3/17/2024,4/16/2024
7852,Enjoy by.,Samantha Allen,8/1/1976,978-1-5255-1844-7,8425,Tracey Kelly,"PSC 6481, Box 1952, APO AA 89825",3/14/2024,4/13/2024
6746,They religious.,Brian Brown,3/13/1959,978-1-5110-0451-0,4395,Kyle Stanley,"9164 Nicholas Inlet Apt. 554, Brightshire, MT 61686",4/27/2024,9/6/2024
5864,Send.,Robert Gray,4/30/1942,978-1-72214-130-1,9366,Brittany Kim DVM,"80826 Miller Plaza, Shariton, PR 87489",7/12/2024,8/31/2024
5157,Remain begin.,Christian Mason,1/18/1954,978-1-924983-22-8,7697,Robert Barber,"121 Paul Lane Apt. 891, North Andrewberg, NC 06281",6/4/2024,6/8/2024
2808,Walk professor people box.,Yvette Daniel,10/3/1937,978-0-9525031-5-6,4395,Kyle Stanley,"9164 Nicholas Inlet Apt. 554, Brightshire, MT 61686",6/19/2024,8/2/2024
2175,Pretty left same.,Patricia Raymond,6/29/1995,978-1-945759-77-2,6326,Elizabeth Bennett,"94365 Young Crescent Apt. 502, Richardsonville, AS 23996",8/14/2024,8/23/2024
6786,Other eat on.,Steven Robinson,1/30/1959,978-1-61381-603-5,9830,Crystal Santos,"6780 Sierra Union, South Jenniferton, CA 08418",8/17/2024,9/19/2024
3270,Goal ability him.,Joseph Alvarez,1/5/1965,978-1-235-83555-1,2617,Robert Martinez,"311 Larry Cliff, North Jeffstad, KS 03432",3/18/2024,5/25/2024
2685,Company in body.,Michael Walker,2/7/1966,978-1-183-14266-4,6304,Erica Davidson,"51540 Barbara Brook, Andrewmouth, DC 89545",8/9/2024,8/17/2024
5731,Before ever.,Donna English,4/26/1977,978-1-78984-967-7,4289,Michael Downs,"USNV Guerrero, FPO AE 08325",5/30/2024,8/24/2024
6528,Hard should create national.,Michael Robinson,4/26/1986,978-1-880365-41-0,6326,Elizabeth Bennett,"94365 Young Crescent Apt. 502, Richardsonville, AS 23996",5/23/2024,9/3/2024
6528,Hard should create national.,Michael Robinson,4/26/1986,978-1-880365-41-0,585,Jesse Schmidt,"755 Lisa Greens, Williamport, SD 12754",3/16/2024,6/4/2024
1288,Table alone million.,Thomas Stevens,11/21/1934,978-1-83845-728-0,8425,Tracey Kelly,"PSC 6481, Box 1952, APO AA 89825",4/27/2024,6/29/2024
2685,Company in body.,Michael Walker,2/7/1966,978-1-183-14266-4,2471,Linda Alvarez,"12510 Snyder Estates Apt. 237, Lake Robertport, OK 07853",2/8/2024,4/1/2024
5752,Sense someone.,Tracy Shaw,1/29/1940,978-1-03-470209-2,1865,Benjamin Caldwell,"9932 Allison Pines, East Michelle, PW 44534",2/28/2024,8/13/2024
2183,Cold.,Steven Jackson,11/19/1935,978-1-84047-420-6,8428,Sara Rogers,"PSC 7341, Box 0118, APO AP 39516",2/9/2024,3/21/2024
8656,House son summer.,Jesse Smith,8/18/1943,978-1-4523-0402-1,2617,Robert Martinez,"311 Larry Cliff, North Jeffstad, KS 03432",4/28/2024,5/21/2024
4812,Perform.,Julie Barry,5/3/1980,978-1-9801-1623-3,8425,Tracey Kelly,"PSC 6481, Box 1952, APO AA 89825",9/3/2024,9/4/2024
6786,Other eat on.,Steven Robinson,1/30/1959,978-1-61381-603-5,585,Jesse Schmidt,"755 Lisa Greens, Williamport, SD 12754",1/27/2024,1/31/2024
3115,Particularly charge nearly.,Anita Walker,11/1/1962,978-1-4223-8315-5,6326,Elizabeth Bennett,"94365 Young Crescent Apt. 502, Richardsonville, AS 23996",8/16/2024,8/19/2024
1266,Political staff evidence.,Levi Wilson,7/9/1956,978-0-354-98173-6,4289,Michael Downs,"USNV Guerrero, FPO AE 08325",7/13/2024,8/28/2024
2685,Company in body.,Michael Walker,2/7/1966,978-1-183-14266-4,7697,Robert Barber,"121 Paul Lane Apt. 891, North Andrewberg, NC 06281",8/6/2024,8/28/2024
2685,Company in body.,Michael Walker,2/7/1966,978-1-183-14266-4,2471,Linda Alvarez,"12510 Snyder Estates Apt. 237, Lake Robertport, OK 07853",9/11/2024,9/18/2024
8007,Bill share remember.,Jennifer Curtis,9/10/1986,978-0-09-321991-6,8428,Sara Rogers,"PSC 7341, Box 0118, APO AP 39516",3/4/2024,8/8/2024
4169,Ability.,Barbara Jackson,3/18/1999,978-1-944374-73-0,3773,Jill Fry,"87619 Matthew Garden, Abigailfurt, TX 28957",4/26/2024,5/2/2024
6354,Mean check Democrat.,Kelly Clark,3/6/1990,978-0-396-67157-2,2617,Robert Martinez,"311 Larry Cliff, North Jeffstad, KS 03432",4/19/2024,6/26/2024
